Franchise Group,Name,Title
National Fitness Partners,"Stephen Kindler, Jr.","Stephen Kindler, Jr., has dedicated the past 15+ years to the fitness industry, beginning his work inside health clubs as a young boy at his family-owned West Shore Health Club in Camp Hill, Pa."
Flynn Group,"President, Founder of Flynn Planet Fitness","225 Bush Street, Suite 1800
San Francisco, CA 94104"
Flynn Group,VP of Construction,"225 Bush Street, Suite 1800
San Francisco, CA 94104"
Flynn Group,VP of Operations,"225 Bush Street, Suite 1800
San Francisco, CA 94104"
Flynn Group,Senior VP,"225 Bush Street, Suite 1800
San Francisco, CA 94104"
Flynn Group,VP of Development,"225 Bush Street, Suite 1800
San Francisco, CA 94104"
Flynn Group,VP of Finance,"225 Bush Street, Suite 1800
San Francisco, CA 94104"
Flynn Group,VP of Human Resources,"225 Bush Street, Suite 1800
San Francisco, CA 94104"
Flynn Group,VP of Marketing,"225 Bush Street, Suite 1800
San Francisco, CA 94104"
CDM Fitness Holdings,10+,Consult LEADS.md
CDM Fitness Holdings,10+,Consult LEADS.md
CDM Fitness Holdings,10+,Consult LEADS.md
CDM Fitness Holdings,10k+,Consult LEADS.md
CDM Fitness Holdings,Jobs @ Core,Consult LEADS.md
CDM Fitness Holdings,Latest @ Core,Consult LEADS.md
